{"cameraMode":{"drawMode":0,"name":"Shaded","section":"Shading Mode"},"sceneLighting":false,"audioPlay":false,"sceneViewState":{"showFog":true,"showMaterialUpdate":false,"showSkybox":false,"showFlares":true,"showImageEffects":true,"showParticleSystems":true},"in2DMode":false,"pivot":{"x":2.995835781097412,"y":10.439430236816407,"z":3.9141368865966799},"rotation":{"x":-0.11121661216020584,"y":0.8872098922729492,"z":-0.3434116542339325,"w":-0.28733029961586},"size":7.143059730529785,"orthographic":false}