{"cameraMode":{"drawMode":0,"name":"Shaded","section":"Shading Mode"},"sceneLighting":true,"audioPlay":false,"sceneViewState":{"showFog":true,"showMaterialUpdate":false,"showSkybox":true,"showFlares":true,"showImageEffects":true,"showParticleSystems":true},"in2DMode":false,"pivot":{"x":-3.5590362548828127,"y":-1.7423548698425294,"z":0.04922008514404297},"rotation":{"x":0.11263202875852585,"y":-0.6733192205429077,"z":0.10485802590847016,"w":0.7231729626655579},"size":7.517300128936768,"orthographic":false}